group.factor,slpQual_mean,slpLat_mean,slpDur_mean,slpEff_mean,slpDist_mean,slpMeds_mean,slpDayFcn_mean,psqi_Global_mean,ess_total_mean,bdi_total_mean,mcgill_total_mean,TIB_mean,slpQual_sd,slpLat_sd,slpDur_sd,slpEff_sd,slpDist_sd,slpMeds_sd,slpDayFcn_sd,psqi_Global_sd,ess_total_sd,bdi_total_sd,mcgill_total_sd,TIB_sd
HC,0.76,1.14,0.8,0.4,0.94,0.32,0.3,4.66,5.9,3.26,1.56,7.7283333333333335,0.6246631745450127,0.6391959234627741,0.6998542122237652,0.6998542122237652,0.23989793748209523,0.8191583535332259,0.4629100498862757,2.3526797573865266,2.837432009434458,4.044699226980257,6.197958847681309,0.9347793099318383
CLBP,1.203125,1.359375,0.859375,0.5625,1,0.578125,0.21875,5.78125,6.875,10.125,24.9375,7.94921875,0.7803069705276048,0.8236039173646594,0.7097325116515645,0.7943251103624894,0,0.92246542499839,0.4166666666666667,2.6575364531836625,3.48010216963685,8.603247817880932,14.933583118659257,1.082123580489946
FM,1.7727272727272727,2.0681818181818183,1.4318181818181819,1.3409090909090908,1,1.6363636363636365,0.11363636363636363,9.363636363636363,8.227272727272727,16.113636363636363,35.56818181818182,8.127651515151515,0.7428304249080898,0.9740284908857043,0.9976187292568535,1.2189049950230648,0,1.382463407832472,0.32103822064055043,3.6984654837460478,4.051205025229926,9.309200023310046,13.122672953881974,1.6805543227775877
